pokemon_id,dex_number,species_key,form_key,name_en,name_es,form_name_en,form_name_es,type1_key,type2_key,hp,attack,defense,sp_attack,sp_defense,speed,bst,ability_keys,abilities,abilities_es,roles,roles_es,archetypes,archetypes_es,tier_value,is_currently_legal,season_key,format_availability
3,3,venusaur,,Venusaur,Venusaur,,,grass,poison,80,82,83,100,100,80,525,"chlorophyll, overgrow","Chlorophyll, Overgrow","Clorofila, Espesura",Bulky Support,Soporte Resistente,Sun,Sol,S,1,season_m1_reg_ma,standard
6,6,charizard,,Charizard,Charizard,,,fire,flying,78,84,78,109,85,100,534,"blaze, solar_power","Blaze, Solar Power","Mar Llamas, Poder Solar",Bulky Support,Soporte Resistente,Sun,Sol,A,1,season_m1_reg_ma,standard
9,9,blastoise,,Blastoise,Blastoise,,,water,,79,83,100,85,105,78,530,"rain_dish, torrent","Rain Dish, Torrent","Cura Lluvia, Torrente","Bulky Support, Pivot","Soporte Resistente, Pivot",Rain,Lluvia,A,1,season_m1_reg_ma,standard
15,15,beedrill,,Beedrill,Beedrill,,,bug,poison,65,90,40,45,80,75,395,"sniper, swarm","Sniper, Swarm","Francotirador, Enjambre","Pivot, Speed Control","Pivot, Control de Velocidad",Balance,Balance,C,1,season_m1_reg_ma,standard
18,18,pidgeot,,Pidgeot,Pidgeot,,,normal,flying,83,80,75,70,70,101,479,"big_pecks, keen_eye, tangled_feet","Big Pecks, Keen Eye, Tangled Feet","Sacapecho, Vista Lince, Tumbos","Pivot, Speed Control","Pivot, Control de Velocidad",Tailwind,Viento Afn,C,1,season_m1_reg_ma,standard
24,24,arbok,,Arbok,Arbok,,,poison,,60,95,69,65,79,80,448,"intimidate, shed_skin, unnerve","Intimidate, Shed Skin, Unnerve","Intimidación, Mudar, Nerviosismo",Pivot,Pivot,Balance,Balance,C,1,season_m1_reg_ma,standard
25,25,pikachu,,Pikachu,Pikachu,,,electric,,35,55,40,50,50,90,320,"lightning_rod, static","Lightning Rod, Static","Pararrayos, Elec. Estática","Bulky Support, Pivot, Speed Control","Soporte Resistente, Pivot, Control de Velocidad",Balance,Balance,B,1,season_m1_reg_ma,standard
26,26,raichu,,Raichu,Raichu,,,electric,,60,90,55,90,80,110,485,"lightning_rod, static","Lightning Rod, Static","Pararrayos, Elec. Estática","Bulky Support, Pivot, Speed Control","Soporte Resistente, Pivot, Control de Velocidad",Offense,Ofensiva,B,1,season_m1_reg_ma,standard
36,36,clefable,,Clefable,Clefable,,,fairy,,95,70,73,95,90,60,483,"cute_charm, magic_guard, unaware","Cute Charm, Magic Guard, Unaware","Gran Encanto, Muro Mágico, Ignorante","Bulky Support, Speed Control","Soporte Resistente, Control de Velocidad",Trick Room,Espacio Raro,A,1,season_m1_reg_ma,standard
38,38,ninetales,,Ninetales,Ninetales,,,fire,,73,76,75,81,100,100,505,"drought, flash_fire","Drought, Flash Fire","Sequía, Absorbe Fuego","Bulky Support, Weather Setter","Soporte Resistente, Setter de Clima",Sun,Sol,C,1,season_m1_reg_ma,standard
59,59,arcanine,,Arcanine,Arcanine,,,fire,,90,110,80,100,80,95,555,"flash_fire, intimidate, justified","Flash Fire, Intimidate, Justified","Absorbe Fuego, Intimidación, Justiciero","Bulky Support, Pivot","Soporte Resistente, Pivot",Offense,Ofensiva,A,1,season_m1_reg_ma,standard
65,65,alakazam,,Alakazam,Alakazam,,,psychic,,55,50,45,135,95,120,500,"inner_focus, magic_guard, synchronize","Inner Focus, Magic Guard, Synchronize","Foco Interno, Muro Mágico, Sincronía","Bulky Support, Speed Control, Trick Room Setter, Wallbreaker","Soporte Resistente, Control de Velocidad, Setter de Espacio Raro, Muroperforador",Trick Room,Espacio Raro,D,1,season_m1_reg_ma,standard
68,68,machamp,,Machamp,Machamp,,,fighting,,90,130,80,65,85,55,505,"guts, no_guard, steadfast","Guts, No Guard, Steadfast","Agallas, Indefenso, Impasible","Bulky Support, Wallbreaker","Soporte Resistente, Muroperforador",Trick Room,Espacio Raro,C,1,season_m1_reg_ma,standard
71,71,victreebel,,Victreebel,Victreebel,,,grass,poison,80,105,65,100,70,70,490,"chlorophyll, gluttony","Chlorophyll, Gluttony","Clorofila, Gula",Wallbreaker,Muroperforador,Sun,Sol,B,1,season_m1_reg_ma,standard
80,80,slowbro,,Slowbro,Slowbro,,,water,psychic,95,75,110,100,80,30,490,"oblivious, own_tempo, regenerator","Oblivious, Own Tempo, Regenerator","Despiste, Ritmo Propio, Regeneración","Bulky Support, Pivot, Speed Control, Trick Room Setter","Soporte Resistente, Pivot, Control de Velocidad, Setter de Espacio Raro",Trick Room,Espacio Raro,A,1,season_m1_reg_ma,standard
94,94,gengar,,Gengar,Gengar,,,ghost,poison,60,65,60,130,75,110,500,cursed_body,Cursed Body,Cuerpo Maldito,"Bulky Support, Speed Control, Trick Room Setter, Wallbreaker","Soporte Resistente, Control de Velocidad, Setter de Espacio Raro, Muroperforador",Trick Room,Espacio Raro,A,1,season_m1_reg_ma,standard
115,115,kangaskhan,,Kangaskhan,Kangaskhan,,,normal,,105,95,80,40,80,90,490,"early_bird, inner_focus, scrappy","Early Bird, Inner Focus, Scrappy","Madrugar, Foco Interno, Intrépido","Bulky Support, Pivot, Speed Control","Soporte Resistente, Pivot, Control de Velocidad",Balance,Balance,B,1,season_m1_reg_ma,standard
121,121,starmie,,Starmie,Starmie,,,water,psychic,60,75,85,100,85,115,520,"analytic, illuminate, natural_cure","Analytic, Illuminate, Natural Cure","Cálculo Final, Iluminación, Cura Natural","Bulky Support, Speed Control, Trick Room Setter","Soporte Resistente, Control de Velocidad, Setter de Espacio Raro",Trick Room,Espacio Raro,B,1,season_m1_reg_ma,standard
127,127,pinsir,,Pinsir,Pinsir,,,bug,,65,125,100,55,70,85,500,"hyper_cutter, mold_breaker, moxie","Hyper Cutter, Mold Breaker, Moxie","Corte Fuerte, Rompemoldes, Autoestima","Bulky Support, Wallbreaker","Soporte Resistente, Muroperforador",Balance,Balance,A,1,season_m1_reg_ma,standard
128,128,tauros,,Tauros,Tauros,,,normal,,75,100,95,40,70,110,490,"anger_point, intimidate, sheer_force","Anger Point, Intimidate, Sheer Force","Irascible, Intimidación, Potencia Bruta","Bulky Support, Pivot, Speed Control","Soporte Resistente, Pivot, Control de Velocidad",Offense,Ofensiva,C,1,season_m1_reg_ma,standard
130,130,gyarados,,Gyarados,Gyarados,,,water,flying,95,125,79,60,100,81,540,"intimidate, moxie","Intimidate, Moxie","Intimidación, Autoestima","Bulky Support, Pivot, Speed Control, Wallbreaker","Soporte Resistente, Pivot, Control de Velocidad, Muroperforador",Rain,Lluvia,B,1,season_m1_reg_ma,standard
132,132,ditto,,Ditto,Ditto,,,normal,,48,48,48,48,48,48,288,"imposter, limber","Imposter, Limber","Impostor, Flexibilidad",Bulky Support,Soporte Resistente,Trick Room,Espacio Raro,B,1,season_m1_reg_ma,standard
134,134,vaporeon,,Vaporeon,Vaporeon,,,water,,130,65,60,110,95,65,525,"hydration, water_absorb","Hydration, Water Absorb","Hidratación, Absorbe Agua","Bulky Support, Speed Control","Soporte Resistente, Control de Velocidad",Balance,Balance,A,1,season_m1_reg_ma,standard
135,135,jolteon,,Jolteon,Jolteon,,,electric,,65,65,60,110,95,130,525,"quick_feet, volt_absorb","Quick Feet, Volt Absorb","Pies Rápidos, Absorbe Elec","Bulky Support, Pivot, Speed Control","Soporte Resistente, Pivot, Control de Velocidad",Offense,Ofensiva,C,1,season_m1_reg_ma,standard
136,136,flareon,,Flareon,Flareon,,,fire,,65,130,60,95,110,65,525,"flash_fire, guts","Flash Fire, Guts","Absorbe Fuego, Agallas","Bulky Support, Wallbreaker","Soporte Resistente, Muroperforador",Balance,Balance,B,1,season_m1_reg_ma,standard
142,142,aerodactyl,,Aerodactyl,Aerodactyl,,,rock,flying,80,105,65,60,75,130,515,"pressure, rock_head, unnerve","Pressure, Rock Head, Unnerve","Presión, Cabeza Roca, Nerviosismo",Speed Control,Control de Velocidad,Tailwind,Viento Afn,A,1,season_m1_reg_ma,standard
143,143,snorlax,,Snorlax,Snorlax,,,normal,,160,110,65,65,110,30,540,"gluttony, immunity, thick_fat","Gluttony, Immunity, Thick Fat","Gula, Inmunidad, Sebo","Bulky Support, Speed Control","Soporte Resistente, Control de Velocidad",Trick Room,Espacio Raro,A,1,season_m1_reg_ma,standard
149,149,dragonite,,Dragonite,Dragonite,,,dragon,flying,91,134,95,100,100,80,600,"inner_focus, multiscale","Inner Focus, Multiscale","Foco Interno, Multiescamas","Bulky Support, Speed Control, Wallbreaker","Soporte Resistente, Control de Velocidad, Muroperforador","Hyper Offense, Sand, Tailwind","Hiperofensiva, Arena, Viento Afn",A,1,season_m1_reg_ma,standard
154,154,meganium,,Meganium,Meganium,,,grass,,80,82,100,83,100,80,525,"leaf_guard, mega_sol, overgrow","Leaf Guard, Mega Sol, Overgrow","Defensa Hoja, Mega Sol, Espesura",Bulky Support,Soporte Resistente,Balance,Balance,A,1,season_m1_reg_ma,standard
157,157,typhlosion,,Typhlosion,Typhlosion,,,fire,,78,84,78,109,85,100,534,"blaze, flash_fire","Blaze, Flash Fire","Mar Llamas, Absorbe Fuego",Bulky Support,Soporte Resistente,Offense,Ofensiva,C,1,season_m1_reg_ma,standard
160,160,feraligatr,,Feraligatr,Feraligatr,,,water,,85,105,100,79,83,78,530,"dragonize, sheer_force, torrent","Dragonize, Sheer Force, Torrent","Dragonize, Potencia Bruta, Torrente","Bulky Support, Speed Control","Soporte Resistente, Control de Velocidad",Balance,Balance,B,1,season_m1_reg_ma,standard
168,168,ariados,,Ariados,Ariados,,,bug,poison,70,90,70,60,70,40,400,"insomnia, sniper, swarm","Insomnia, Sniper, Swarm","Insomnio, Francotirador, Enjambre","Bulky Support, Speed Control","Soporte Resistente, Control de Velocidad",Trick Room,Espacio Raro,D,1,season_m1_reg_ma,standard
181,181,ampharos,,Ampharos,Ampharos,,,electric,,90,75,85,115,90,55,510,"plus, static","Plus, Static","Más, Elec. Estática","Bulky Support, Pivot, Speed Control","Soporte Resistente, Pivot, Control de Velocidad",Trick Room,Espacio Raro,B,1,season_m1_reg_ma,standard
184,184,azumarill,,Azumarill,Azumarill,,,water,fairy,100,50,80,60,80,50,420,"huge_power, sap_sipper, thick_fat","Huge Power, Sap Sipper, Thick Fat","Potencia, Herbívoro, Sebo","Bulky Support, Speed Control","Soporte Resistente, Control de Velocidad",Trick Room,Espacio Raro,A,1,season_m1_reg_ma,standard
186,186,politoed,,Politoed,Politoed,,,water,,90,75,75,90,100,70,500,"damp, drizzle, water_absorb","Damp, Drizzle, Water Absorb","Humedad, Llovizna, Absorbe Agua","Bulky Support, Speed Control, Weather Setter","Soporte Resistente, Control de Velocidad, Setter de Clima",Rain,Lluvia,A,1,season_m1_reg_ma,standard
196,196,espeon,,Espeon,Espeon,,,psychic,,65,65,60,130,95,110,525,"magic_bounce, synchronize","Magic Bounce, Synchronize","Espejo Mágico, Sincronía","Bulky Support, Speed Control, Trick Room Setter, Wallbreaker","Soporte Resistente, Control de Velocidad, Setter de Espacio Raro, Muroperforador",Trick Room,Espacio Raro,D,1,season_m1_reg_ma,standard
197,197,umbreon,,Umbreon,Umbreon,,,dark,,95,65,110,60,130,65,525,"inner_focus, synchronize","Inner Focus, Synchronize","Foco Interno, Sincronía","Bulky Support, Speed Control","Soporte Resistente, Control de Velocidad",Balance,Balance,D,1,season_m1_reg_ma,standard
199,199,slowking,,Slowking,Slowking,,,water,psychic,95,75,80,100,110,30,490,"oblivious, own_tempo, regenerator","Oblivious, Own Tempo, Regenerator","Despiste, Ritmo Propio, Regeneración","Bulky Support, Pivot, Speed Control, Trick Room Setter","Soporte Resistente, Pivot, Control de Velocidad, Setter de Espacio Raro",Trick Room,Espacio Raro,B,1,season_m1_reg_ma,standard
205,205,forretress,,Forretress,Forretress,,,bug,steel,75,90,140,60,60,40,465,"overcoat, sturdy","Overcoat, Sturdy","Funda, Robustez","Bulky Support, Pivot, Speed Control","Soporte Resistente, Pivot, Control de Velocidad",Trick Room,Espacio Raro,D,1,season_m1_reg_ma,standard
208,208,steelix,,Steelix,Steelix,,,steel,ground,75,85,200,55,65,30,510,"rock_head, sheer_force, sturdy","Rock Head, Sheer Force, Sturdy","Cabeza Roca, Potencia Bruta, Robustez",Bulky Support,Soporte Resistente,Trick Room,Espacio Raro,B,1,season_m1_reg_ma,standard
212,212,scizor,,Scizor,Scizor,,,bug,steel,70,130,100,55,80,65,500,"light_metal, swarm, technician","Light Metal, Swarm, Technician","Metal Liviano, Enjambre, Experto","Bulky Support, Pivot, Speed Control, Wallbreaker","Soporte Resistente, Pivot, Control de Velocidad, Muroperforador",Tailwind,Viento Afn,A,1,season_m1_reg_ma,standard
214,214,heracross,,Heracross,Heracross,,,bug,fighting,80,125,75,40,95,85,500,"guts, moxie, swarm","Guts, Moxie, Swarm","Agallas, Autoestima, Enjambre","Bulky Support, Wallbreaker","Soporte Resistente, Muroperforador",Balance,Balance,A,1,season_m1_reg_ma,standard
227,227,skarmory,,Skarmory,Skarmory,,,steel,flying,65,80,140,40,70,70,465,"keen_eye, sturdy, weak_armor","Keen Eye, Sturdy, Weak Armor","Vista Lince, Robustez, Armadura Frágil","Bulky Support, Speed Control","Soporte Resistente, Control de Velocidad",Tailwind,Viento Afn,A,1,season_m1_reg_ma,standard
229,229,houndoom,,Houndoom,Houndoom,,,dark,fire,75,90,50,110,80,95,500,"early_bird, flash_fire, unnerve","Early Bird, Flash Fire, Unnerve","Madrugar, Absorbe Fuego, Nerviosismo",Bulky Support,Soporte Resistente,Offense,Ofensiva,B,1,season_m1_reg_ma,standard
248,248,tyranitar,,Tyranitar,Tyranitar,,,rock,dark,100,134,110,95,100,61,600,"sand_stream, unnerve","Sand Stream, Unnerve","Chorro Arena, Nerviosismo","Bulky Support, Speed Control, Wallbreaker","Soporte Resistente, Control de Velocidad, Muroperforador",Sand,Arena,A,1,season_m1_reg_ma,standard
279,279,pelipper,,Pelipper,Pelipper,,,water,flying,60,50,100,95,70,65,440,"drizzle, keen_eye, rain_dish","Drizzle, Keen Eye, Rain Dish","Llovizna, Vista Lince, Cura Lluvia","Bulky Support, Pivot, Speed Control, Weather Setter","Soporte Resistente, Pivot, Control de Velocidad, Setter de Clima","Rain, Tailwind","Lluvia, Viento Afn",A,1,season_m1_reg_ma,standard
282,282,gardevoir,,Gardevoir,Gardevoir,,,psychic,fairy,68,65,65,125,115,80,518,"synchronize, telepathy, trace","Synchronize, Telepathy, Trace","Sincronía, Telepatía, Rastro","Bulky Support, Speed Control, Trick Room Setter, Wallbreaker","Soporte Resistente, Control de Velocidad, Setter de Espacio Raro, Muroperforador","Sand, Trick Room","Arena, Espacio Raro",A,1,season_m1_reg_ma,standard
302,302,sableye,,Sableye,Sableye,,,dark,ghost,50,75,75,65,65,50,380,"keen_eye, prankster, stall","Keen Eye, Prankster, Stall","Vista Lince, Bromista, Rezagado","Bulky Support, Pivot, Speed Control","Soporte Resistente, Pivot, Control de Velocidad",Trick Room,Espacio Raro,A,1,season_m1_reg_ma,standard
306,306,aggron,,Aggron,Aggron,,,steel,rock,70,110,180,60,60,50,530,"heavy_metal, rock_head, sturdy","Heavy Metal, Rock Head, Sturdy","Metal Pesado, Cabeza Roca, Robustez","Bulky Support, Speed Control","Soporte Resistente, Control de Velocidad",Trick Room,Espacio Raro,B,1,season_m1_reg_ma,standard
308,308,medicham,,Medicham,Medicham,,,fighting,psychic,60,60,75,60,75,80,410,"pure_power, telepathy","Pure Power, Telepathy","Energía Pura, Telepatía","Bulky Support, Pivot, Speed Control, Trick Room Setter","Soporte Resistente, Pivot, Control de Velocidad, Setter de Espacio Raro",Trick Room,Espacio Raro,B,1,season_m1_reg_ma,standard
310,310,manectric,,Manectric,Manectric,,,electric,,70,75,60,105,60,105,475,"lightning_rod, minus, static","Lightning Rod, Minus, Static","Pararrayos, Menos, Elec. Estática","Pivot, Speed Control","Pivot, Control de Velocidad",Offense,Ofensiva,B,1,season_m1_reg_ma,standard
319,319,sharpedo,,Sharpedo,Sharpedo,,,water,dark,70,120,40,95,40,95,460,"rough_skin, speed_boost","Rough Skin, Speed Boost","Piel Tosca, Impulso","Speed Control, Wallbreaker","Control de Velocidad, Muroperforador",Offense,Ofensiva,D,1,season_m1_reg_ma,standard
323,323,camerupt,,Camerupt,Camerupt,,,fire,ground,70,100,70,105,75,40,460,"anger_point, magma_armor, solid_rock","Anger Point, Magma Armor, Solid Rock","Irascible, Escudo Magma, Roca Sólida",Bulky Support,Soporte Resistente,Trick Room,Espacio Raro,B,1,season_m1_reg_ma,standard
324,324,torkoal,,Torkoal,Torkoal,,,fire,,70,85,140,85,70,20,470,"drought, shell_armor, white_smoke","Drought, Shell Armor, White Smoke","Sequía, Caparazón, Humo Blanco","Bulky Support, Weather Setter","Soporte Resistente, Setter de Clima","Sun, Trick Room","Sol, Espacio Raro",A,1,season_m1_reg_ma,standard
334,334,altaria,,Altaria,Altaria,,,dragon,flying,75,70,90,70,105,80,490,"cloud_nine, natural_cure","Cloud Nine, Natural Cure","Aclimatación, Cura Natural","Bulky Support, Speed Control","Soporte Resistente, Control de Velocidad",Tailwind,Viento Afn,A,1,season_m1_reg_ma,standard
350,350,milotic,,Milotic,Milotic,,,water,,95,60,79,100,125,81,540,"competitive, cute_charm, marvel_scale","Competitive, Cute Charm, Marvel Scale","Tenacidad, Gran Encanto, Escama Especial","Bulky Support, Speed Control","Soporte Resistente, Control de Velocidad",Sand,Arena,A,1,season_m1_reg_ma,standard
351,351,castform,,Castform,Castform,,,normal,,70,70,70,70,70,70,420,forecast,Forecast,Predicción,Speed Control,Control de Velocidad,Balance,Balance,D,1,season_m1_reg_ma,standard
354,354,banette,,Banette,Banette,,,ghost,,64,115,65,83,63,65,455,"cursed_body, frisk, insomnia","Cursed Body, Frisk, Insomnia","Cuerpo Maldito, Cacheo, Insomnio","Bulky Support, Speed Control, Trick Room Setter","Soporte Resistente, Control de Velocidad, Setter de Espacio Raro",Trick Room,Espacio Raro,D,1,season_m1_reg_ma,standard
358,358,chimecho,,Chimecho,Chimecho,,,psychic,,75,50,80,95,90,65,455,levitate,Levitate,Levitación,"Bulky Support, Speed Control, Trick Room Setter","Soporte Resistente, Control de Velocidad, Setter de Espacio Raro",Trick Room,Espacio Raro,C,1,season_m1_reg_ma,standard
359,359,absol,,Absol,Absol,,,dark,,65,130,60,75,60,75,465,"justified, pressure, super_luck","Justified, Pressure, Super Luck","Justiciero, Presión, Afortunado","Bulky Support, Speed Control, Wallbreaker","Soporte Resistente, Control de Velocidad, Muroperforador",Balance,Balance,C,1,season_m1_reg_ma,standard
362,362,glalie,,Glalie,Glalie,,,ice,,80,80,80,80,80,80,480,"ice_body, inner_focus, moody","Ice Body, Inner Focus, Moody","Gélido, Foco Interno, Veleta","Bulky Support, Speed Control","Soporte Resistente, Control de Velocidad",Balance,Balance,B,1,season_m1_reg_ma,standard
389,389,torterra,,Torterra,Torterra,,,grass,ground,95,109,105,75,85,56,525,"overgrow, shell_armor","Overgrow, Shell Armor","Espesura, Caparazón",Bulky Support,Soporte Resistente,Balance,Balance,B,1,season_m1_reg_ma,standard
392,392,infernape,,Infernape,Infernape,,,fire,fighting,76,104,71,104,71,108,534,"blaze, iron_fist","Blaze, Iron Fist","Mar Llamas, Puño Férreo","Bulky Support, Pivot","Soporte Resistente, Pivot",Offense,Ofensiva,C,1,season_m1_reg_ma,standard
395,395,empoleon,,Empoleon,Empoleon,,,water,steel,84,86,88,111,101,60,530,"competitive, torrent","Competitive, Torrent","Tenacidad, Torrente","Bulky Support, Speed Control","Soporte Resistente, Control de Velocidad",Balance,Balance,B,1,season_m1_reg_ma,standard
405,405,luxray,,Luxray,Luxray,,,electric,,80,120,79,95,79,70,523,"guts, intimidate, rivalry","Guts, Intimidate, Rivalry","Agallas, Intimidación, Rivalidad","Bulky Support, Pivot, Speed Control, Wallbreaker","Soporte Resistente, Pivot, Control de Velocidad, Muroperforador",Balance,Balance,C,1,season_m1_reg_ma,standard
407,407,roserade,,Roserade,Roserade,,,grass,poison,60,70,65,125,105,90,515,"natural_cure, poison_point, technician","Natural Cure, Poison Point, Technician","Cura Natural, Punto Tóxico, Experto",Wallbreaker,Muroperforador,Balance,Balance,B,1,season_m1_reg_ma,standard
409,409,rampardos,,Rampardos,Rampardos,,,rock,,97,165,60,65,50,58,495,"mold_breaker, sheer_force","Mold Breaker, Sheer Force","Rompemoldes, Potencia Bruta",Wallbreaker,Muroperforador,Balance,Balance,D,1,season_m1_reg_ma,standard
411,411,bastiodon,,Bastiodon,Bastiodon,,,rock,steel,60,52,168,47,138,30,495,"soundproof, sturdy","Soundproof, Sturdy","Insonorizar, Robustez",Bulky Support,Soporte Resistente,Trick Room,Espacio Raro,C,1,season_m1_reg_ma,standard
428,428,lopunny,,Lopunny,Lopunny,,,normal,,65,76,84,54,96,105,480,"cute_charm, klutz, limber","Cute Charm, Klutz, Limber","Gran Encanto, Zoquete, Flexibilidad","Bulky Support, Pivot, Speed Control","Soporte Resistente, Pivot, Control de Velocidad",Offense,Ofensiva,B,1,season_m1_reg_ma,standard
442,442,spiritomb,,Spiritomb,Spiritomb,,,ghost,dark,50,92,108,92,108,35,485,"infiltrator, pressure","Infiltrator, Pressure","Allanamiento, Presión","Bulky Support, Speed Control, Trick Room Setter","Soporte Resistente, Control de Velocidad, Setter de Espacio Raro",Trick Room,Espacio Raro,C,1,season_m1_reg_ma,standard
445,445,garchomp,,Garchomp,Garchomp,,,dragon,ground,108,130,95,80,85,102,600,"rough_skin, sand_veil","Rough Skin, Sand Veil","Piel Tosca, Velo Arena","Bulky Support, Wallbreaker","Soporte Resistente, Muroperforador",Sand,Arena,S,1,season_m1_reg_ma,standard
448,448,lucario,,Lucario,Lucario,,,fighting,steel,70,110,70,115,70,90,525,"inner_focus, justified, steadfast","Inner Focus, Justified, Steadfast","Foco Interno, Justiciero, Impasible",Bulky Support,Soporte Resistente,Balance,Balance,A,1,season_m1_reg_ma,standard
450,450,hippowdon,,Hippowdon,Hippowdon,,,ground,,108,112,118,68,72,47,525,"sand_force, sand_stream","Sand Force, Sand Stream","Poder Arena, Chorro Arena",Bulky Support,Soporte Resistente,Trick Room,Espacio Raro,C,1,season_m1_reg_ma,standard
454,454,toxicroak,,Toxicroak,Toxicroak,,,poison,fighting,83,106,65,86,65,85,490,"anticipation, dry_skin, poison_touch","Anticipation, Dry Skin, Poison Touch","Anticipación, Piel Seca, Toque Tóxico","Bulky Support, Pivot, Speed Control","Soporte Resistente, Pivot, Control de Velocidad",Balance,Balance,D,1,season_m1_reg_ma,standard
460,460,abomasnow,,Abomasnow,Abomasnow,,,grass,ice,90,92,75,92,85,60,494,"snow_warning, soundproof","Snow Warning, Soundproof","Nevada, Insonorizar","Bulky Support, Speed Control","Soporte Resistente, Control de Velocidad",Balance,Balance,B,1,season_m1_reg_ma,standard
461,461,weavile,,Weavile,Weavile,,,dark,ice,70,120,65,45,85,125,510,"pickpocket, pressure","Pickpocket, Pressure","Hurto, Presión","Bulky Support, Pivot, Speed Control, Wallbreaker","Soporte Resistente, Pivot, Control de Velocidad, Muroperforador",Offense,Ofensiva,B,1,season_m1_reg_ma,standard
464,464,rhyperior,,Rhyperior,Rhyperior,,,ground,rock,115,140,130,55,55,40,535,"lightning_rod, reckless, solid_rock","Lightning Rod, Reckless, Solid Rock","Pararrayos, Audaz, Roca Sólida","Bulky Support, Speed Control, Wallbreaker","Soporte Resistente, Control de Velocidad, Muroperforador",Trick Room,Espacio Raro,B,1,season_m1_reg_ma,standard
470,470,leafeon,,Leafeon,Leafeon,,,grass,,65,110,130,60,65,95,525,"chlorophyll, leaf_guard","Chlorophyll, Leaf Guard","Clorofila, Defensa Hoja",Bulky Support,Soporte Resistente,Sun,Sol,B,1,season_m1_reg_ma,standard
471,471,glaceon,,Glaceon,Glaceon,,,ice,,65,60,110,130,95,65,525,"ice_body, snow_cloak","Ice Body, Snow Cloak","Gélido, Manto Níveo","Bulky Support, Speed Control, Wallbreaker","Soporte Resistente, Control de Velocidad, Muroperforador",Balance,Balance,B,1,season_m1_reg_ma,standard
472,472,gliscor,,Gliscor,Gliscor,,,ground,flying,75,95,125,45,75,95,510,"hyper_cutter, poison_heal, sand_veil","Hyper Cutter, Poison Heal, Sand Veil","Corte Fuerte, Antídoto, Velo Arena","Bulky Support, Pivot, Speed Control","Soporte Resistente, Pivot, Control de Velocidad",Tailwind,Viento Afn,B,1,season_m1_reg_ma,standard
473,473,mamoswine,,Mamoswine,Mamoswine,,,ice,ground,110,130,80,70,60,80,530,"oblivious, snow_cloak, thick_fat","Oblivious, Snow Cloak, Thick Fat","Despiste, Manto Níveo, Sebo","Speed Control, Wallbreaker","Control de Velocidad, Muroperforador",Balance,Balance,B,1,season_m1_reg_ma,standard
475,475,gallade,,Gallade,Gallade,,,psychic,fighting,68,125,65,65,115,80,518,"justified, sharpness, steadfast","Justified, Sharpness, Steadfast","Justiciero, Cortante, Impasible","Bulky Support, Speed Control, Trick Room Setter, Wallbreaker","Soporte Resistente, Control de Velocidad, Setter de Espacio Raro, Muroperforador",Trick Room,Espacio Raro,B,1,season_m1_reg_ma,standard
478,478,froslass,,Froslass,Froslass,,,ice,ghost,70,80,70,80,70,110,480,"cursed_body, snow_cloak","Cursed Body, Snow Cloak","Cuerpo Maldito, Manto Níveo","Bulky Support, Speed Control","Soporte Resistente, Control de Velocidad",Offense,Ofensiva,A,1,season_m1_reg_ma,standard
479,479,rotom,,Rotom,Rotom,,,electric,ghost,50,50,77,95,77,91,440,levitate,Levitate,Levitación,"Bulky Support, Pivot, Speed Control","Soporte Resistente, Pivot, Control de Velocidad",Balance,Balance,C,1,season_m1_reg_ma,standard
497,497,serperior,,Serperior,Serperior,,,grass,,75,75,95,75,95,113,528,"contrary, overgrow","Contrary, Overgrow","Respondón, Espesura",Bulky Support,Soporte Resistente,Offense,Ofensiva,C,1,season_m1_reg_ma,standard
500,500,emboar,,Emboar,Emboar,,,fire,fighting,110,123,65,100,65,65,528,"blaze, reckless","Blaze, Reckless","Mar Llamas, Audaz","Bulky Support, Wallbreaker","Soporte Resistente, Muroperforador",Balance,Balance,B,1,season_m1_reg_ma,standard
503,503,samurott,,Samurott,Samurott,,,water,,95,100,85,108,70,70,528,"shell_armor, torrent","Shell Armor, Torrent","Caparazón, Torrente","Bulky Support, Speed Control","Soporte Resistente, Control de Velocidad",Balance,Balance,B,1,season_m1_reg_ma,standard
505,505,watchog,,Watchog,Watchog,,,normal,,60,85,69,60,69,77,420,"analytic, illuminate, keen_eye","Analytic, Illuminate, Keen Eye","Cálculo Final, Iluminación, Vista Lince",Speed Control,Control de Velocidad,Balance,Balance,D,1,season_m1_reg_ma,standard
510,510,liepard,,Liepard,Liepard,,,dark,,64,88,50,88,50,106,446,"limber, prankster, unburden","Limber, Prankster, Unburden","Flexibilidad, Bromista, Liviano","Pivot, Speed Control","Pivot, Control de Velocidad",Offense,Ofensiva,D,1,season_m1_reg_ma,standard
512,512,simisage,,Simisage,Simisage,,,grass,,75,98,63,98,63,101,498,"gluttony, overgrow","Gluttony, Overgrow","Gula, Espesura","Bulky Support, Pivot","Soporte Resistente, Pivot",Offense,Ofensiva,C,1,season_m1_reg_ma,standard
514,514,simisear,,Simisear,Simisear,,,fire,,75,98,63,98,63,101,498,"blaze, gluttony","Blaze, Gluttony","Mar Llamas, Gula","Bulky Support, Pivot","Soporte Resistente, Pivot",Offense,Ofensiva,C,1,season_m1_reg_ma,standard
516,516,simipour,,Simipour,Simipour,,,water,,75,98,63,98,63,101,498,"gluttony, torrent","Gluttony, Torrent","Gula, Torrente","Bulky Support, Pivot, Speed Control","Soporte Resistente, Pivot, Control de Velocidad",Offense,Ofensiva,D,1,season_m1_reg_ma,standard
530,530,excadrill,,Excadrill,Excadrill,,,ground,steel,110,135,60,50,65,88,508,"mold_breaker, sand_force, sand_rush","Mold Breaker, Sand Force, Sand Rush","Rompemoldes, Poder Arena, Ímpetu Arena","Bulky Support, Wallbreaker","Soporte Resistente, Muroperforador","Hyper Offense, Sand","Hiperofensiva, Arena",A,1,season_m1_reg_ma,standard
531,531,audino,,Audino,Audino,,,normal,,103,60,86,60,86,50,445,"healer, klutz, regenerator","Healer, Klutz, Regenerator","Alma Cura, Zoquete, Regeneración","Bulky Support, Pivot, Speed Control, Trick Room Setter","Soporte Resistente, Pivot, Control de Velocidad, Setter de Espacio Raro",Trick Room,Espacio Raro,C,1,season_m1_reg_ma,standard
534,534,conkeldurr,,Conkeldurr,Conkeldurr,,,fighting,,105,140,95,55,65,45,505,"guts, iron_fist, sheer_force","Guts, Iron Fist, Sheer Force","Agallas, Puño Férreo, Potencia Bruta","Bulky Support, Wallbreaker","Soporte Resistente, Muroperforador",Trick Room,Espacio Raro,B,1,season_m1_reg_ma,standard
547,547,whimsicott,,Whimsicott,Whimsicott,,,grass,fairy,60,67,85,77,75,116,480,"chlorophyll, infiltrator, prankster","Chlorophyll, Infiltrator, Prankster","Clorofila, Allanamiento, Bromista","Bulky Support, Pivot, Speed Control, Trick Room Setter","Soporte Resistente, Pivot, Control de Velocidad, Setter de Espacio Raro","Rain, Sun, Tailwind, Trick Room","Lluvia, Sol, Viento Afn, Espacio Raro",A,1,season_m1_reg_ma,standard
553,553,krookodile,,Krookodile,Krookodile,,,ground,dark,95,117,80,65,70,92,519,"anger_point, intimidate, moxie","Anger Point, Intimidate, Moxie","Irascible, Intimidación, Autoestima","Bulky Support, Pivot","Soporte Resistente, Pivot",Balance,Balance,B,1,season_m1_reg_ma,standard
563,563,cofagrigus,,Cofagrigus,Cofagrigus,,,ghost,,58,50,145,95,105,30,483,mummy,Mummy,Momia,"Bulky Support, Speed Control, Trick Room Setter","Soporte Resistente, Control de Velocidad, Setter de Espacio Raro",Trick Room,Espacio Raro,B,1,season_m1_reg_ma,standard
569,569,garbodor,,Garbodor,Garbodor,,,poison,,80,95,82,60,82,75,474,"aftermath, stench, weak_armor","Aftermath, Stench, Weak Armor","Detonación, Hedor, Armadura Frágil",Bulky Support,Soporte Resistente,Balance,Balance,B,1,season_m1_reg_ma,standard
571,571,zoroark,,Zoroark,Zoroark,,,dark,,60,105,60,120,60,105,510,illusion,Illusion,Ilusión,"Bulky Support, Pivot, Wallbreaker","Soporte Resistente, Pivot, Muroperforador",Offense,Ofensiva,B,1,season_m1_reg_ma,standard
579,579,reuniclus,,Reuniclus,Reuniclus,,,psychic,,110,65,75,125,85,30,490,"magic_guard, overcoat, regenerator","Magic Guard, Overcoat, Regenerator","Muro Mágico, Funda, Regeneración","Bulky Support, Pivot, Speed Control, Trick Room Setter, Wallbreaker","Soporte Resistente, Pivot, Control de Velocidad, Setter de Espacio Raro, Muroperforador",Trick Room,Espacio Raro,B,1,season_m1_reg_ma,standard
584,584,vanilluxe,,Vanilluxe,Vanilluxe,,,ice,,71,95,85,110,95,79,535,"ice_body, snow_warning, weak_armor","Ice Body, Snow Warning, Weak Armor","Gélido, Nevada, Armadura Frágil",Speed Control,Control de Velocidad,Balance,Balance,B,1,season_m1_reg_ma,standard
587,587,emolga,,Emolga,Emolga,,,electric,flying,55,75,60,75,60,103,428,"motor_drive, static","Motor Drive, Static","Electromotor, Elec. Estática","Bulky Support, Pivot, Speed Control","Soporte Resistente, Pivot, Control de Velocidad",Offense,Ofensiva,C,1,season_m1_reg_ma,standard
609,609,chandelure,,Chandelure,Chandelure,,,ghost,fire,60,55,90,145,90,80,520,"flame_body, flash_fire, infiltrator","Flame Body, Flash Fire, Infiltrator","Cuerpo Llama, Absorbe Fuego, Allanamiento","Bulky Support, Speed Control, Trick Room Setter, Wallbreaker","Soporte Resistente, Control de Velocidad, Setter de Espacio Raro, Muroperforador",Trick Room,Espacio Raro,B,1,season_m1_reg_ma,standard
614,614,beartic,,Beartic,Beartic,,,ice,,95,130,80,70,80,50,505,"slush_rush, snow_cloak, swift_swim","Slush Rush, Snow Cloak, Swift Swim","Quitanieves, Manto Níveo, Nado Rápido","Speed Control, Wallbreaker","Control de Velocidad, Muroperforador",Trick Room,Espacio Raro,C,1,season_m1_reg_ma,standard
618,618,stunfisk,,Stunfisk,Stunfisk,,,ground,electric,109,66,84,81,99,32,471,"limber, sand_veil, static","Limber, Sand Veil, Static","Flexibilidad, Velo Arena, Elec. Estática","Bulky Support, Speed Control","Soporte Resistente, Control de Velocidad",Trick Room,Espacio Raro,A,1,season_m1_reg_ma,standard
623,623,golurk,,Golurk,Golurk,,,ground,ghost,89,124,80,55,80,55,483,"iron_fist, klutz, no_guard","Iron Fist, Klutz, No Guard","Puño Férreo, Zoquete, Indefenso","Bulky Support, Speed Control, Wallbreaker","Soporte Resistente, Control de Velocidad, Muroperforador",Trick Room,Espacio Raro,B,1,season_m1_reg_ma,standard
635,635,hydreigon,,Hydreigon,Hydreigon,,,dark,dragon,92,105,90,125,90,98,600,levitate,Levitate,Levitación,"Bulky Support, Pivot, Speed Control, Wallbreaker","Soporte Resistente, Pivot, Control de Velocidad, Muroperforador",Tailwind,Viento Afn,A,1,season_m1_reg_ma,standard
637,637,volcarona,,Volcarona,Volcarona,,,bug,fire,85,60,65,135,105,100,550,"flame_body, swarm","Flame Body, Swarm","Cuerpo Llama, Enjambre","Bulky Support, Pivot, Speed Control, Wallbreaker","Soporte Resistente, Pivot, Control de Velocidad, Muroperforador",Tailwind,Viento Afn,B,1,season_m1_reg_ma,standard
652,652,chesnaught,,Chesnaught,Chesnaught,,,grass,fighting,88,107,122,74,75,64,530,"bulletproof, overgrow","Bulletproof, Overgrow","Antibalas, Espesura",Bulky Support,Soporte Resistente,Balance,Balance,B,1,season_m1_reg_ma,standard
655,655,delphox,,Delphox,Delphox,,,fire,psychic,75,69,72,114,100,104,534,"blaze, magician","Blaze, Magician","Mar Llamas, Prestidigitador","Bulky Support, Speed Control, Trick Room Setter","Soporte Resistente, Control de Velocidad, Setter de Espacio Raro",Trick Room,Espacio Raro,A,1,season_m1_reg_ma,standard
658,658,greninja,,Greninja,Greninja,,,water,dark,72,95,67,103,71,122,530,"protean, torrent","Protean, Torrent","Mutatipo, Torrente","Bulky Support, Pivot, Speed Control","Soporte Resistente, Pivot, Control de Velocidad",Sand,Arena,A,1,season_m1_reg_ma,standard
660,660,diggersby,,Diggersby,Diggersby,,,normal,ground,85,56,77,50,77,78,423,"cheek_pouch, huge_power, pickup","Cheek Pouch, Huge Power, Pickup","Carrillo, Potencia, Recogida",Pivot,Pivot,Balance,Balance,B,1,season_m1_reg_ma,standard
663,663,talonflame,,Talonflame,Talonflame,,,fire,flying,78,81,71,74,69,126,499,"flame_body, gale_wings","Flame Body, Gale Wings","Cuerpo Llama, Alas Vendaval","Bulky Support, Pivot, Speed Control","Soporte Resistente, Pivot, Control de Velocidad",Tailwind,Viento Afn,B,1,season_m1_reg_ma,standard
666,666,vivillon,,Vivillon,Vivillon,,,bug,flying,80,52,50,90,50,89,411,"compound_eyes, friend_guard, shield_dust","Compound Eyes, Friend Guard, Shield Dust","Ojo Compuesto, Compiescolta, Polvo Escudo","Bulky Support, Pivot, Speed Control","Soporte Resistente, Pivot, Control de Velocidad",Tailwind,Viento Afn,B,1,season_m1_reg_ma,standard
670,670,floette,,Floette,Floette,,,fairy,,54,45,47,75,98,52,371,"flower_veil, symbiosis","Flower Veil, Symbiosis","Velo Flor, Simbiosis",Bulky Support,Soporte Resistente,"Hyper Offense, Trick Room","Hiperofensiva, Espacio Raro",S,1,season_m1_reg_ma,standard
671,671,florges,,Florges,Florges,,,fairy,,78,65,68,112,154,75,552,"flower_veil, symbiosis","Flower Veil, Symbiosis","Velo Flor, Simbiosis",Bulky Support,Soporte Resistente,Balance,Balance,B,1,season_m1_reg_ma,standard
675,675,pangoro,,Pangoro,Pangoro,,,fighting,dark,95,124,78,69,71,58,495,"iron_fist, mold_breaker, scrappy","Iron Fist, Mold Breaker, Scrappy","Puño Férreo, Rompemoldes, Intrépido","Bulky Support, Pivot, Wallbreaker","Soporte Resistente, Pivot, Muroperforador",Balance,Balance,B,1,season_m1_reg_ma,standard
676,676,furfrou,,Furfrou,Furfrou,,,normal,,75,80,60,65,90,102,472,fur_coat,Fur Coat,Pelaje Recio,"Bulky Support, Pivot, Speed Control","Soporte Resistente, Pivot, Control de Velocidad",Offense,Ofensiva,B,1,season_m1_reg_ma,standard
678,678,meowstic,meowstic-m,Meowstic,Meowstic,Meowstic-M,Meowstic-M,psychic,,74,48,76,83,81,104,466,"infiltrator, keen_eye, prankster","Infiltrator, Keen Eye, Prankster","Allanamiento, Vista Lince, Bromista","Bulky Support, Pivot, Speed Control, Trick Room Setter","Soporte Resistente, Pivot, Control de Velocidad, Setter de Espacio Raro",Trick Room,Espacio Raro,A,1,season_m1_reg_ma,standard
681,681,aegislash,,Aegislash,Aegislash,,,steel,ghost,60,50,140,50,140,60,500,stance_change,Stance Change,Cambio Táctico,Bulky Support,Soporte Resistente,Balance,Balance,B,1,season_m1_reg_ma,standard
683,683,aromatisse,,Aromatisse,Aromatisse,,,fairy,,101,72,72,99,89,29,462,"aroma_veil, healer","Aroma Veil, Healer","Velo Aroma, Alma Cura","Bulky Support, Speed Control, Trick Room Setter","Soporte Resistente, Control de Velocidad, Setter de Espacio Raro",Trick Room,Espacio Raro,C,1,season_m1_reg_ma,standard
685,685,slurpuff,,Slurpuff,Slurpuff,,,fairy,,82,80,86,85,75,72,480,"sweet_veil, unburden","Sweet Veil, Unburden","Velo Dulce, Liviano",Bulky Support,Soporte Resistente,Balance,Balance,B,1,season_m1_reg_ma,standard
693,693,clawitzer,,Clawitzer,Clawitzer,,,water,,71,73,88,120,89,59,500,mega_launcher,Mega Launcher,Megadisparador,"Bulky Support, Pivot, Speed Control, Wallbreaker","Soporte Resistente, Pivot, Control de Velocidad, Muroperforador",Balance,Balance,B,1,season_m1_reg_ma,standard
695,695,heliolisk,,Heliolisk,Heliolisk,,,electric,normal,62,55,52,109,94,109,481,"dry_skin, sand_veil, solar_power","Dry Skin, Sand Veil, Solar Power","Piel Seca, Velo Arena, Poder Solar","Pivot, Speed Control","Pivot, Control de Velocidad",Offense,Ofensiva,D,1,season_m1_reg_ma,standard
697,697,tyrantrum,,Tyrantrum,Tyrantrum,,,rock,dragon,82,121,119,69,59,71,521,"rock_head, strong_jaw","Rock Head, Strong Jaw","Cabeza Roca, Mandíbula Fuerte","Bulky Support, Wallbreaker","Soporte Resistente, Muroperforador",Balance,Balance,C,1,season_m1_reg_ma,standard
699,699,aurorus,,Aurorus,Aurorus,,,rock,ice,123,77,72,99,92,58,521,"refrigerate, snow_warning","Refrigerate, Snow Warning","Piel Helada, Nevada","Bulky Support, Speed Control","Soporte Resistente, Control de Velocidad",Balance,Balance,D,1,season_m1_reg_ma,standard
700,700,sylveon,,Sylveon,Sylveon,,,fairy,,95,65,65,110,130,60,525,"cute_charm, pixilate","Cute Charm, Pixilate","Gran Encanto, Piel Feérica",Bulky Support,Soporte Resistente,Balance,Balance,B,1,season_m1_reg_ma,standard
701,701,hawlucha,,Hawlucha,Hawlucha,,,fighting,flying,78,92,75,74,63,118,500,"limber, mold_breaker, unburden","Limber, Mold Breaker, Unburden","Flexibilidad, Rompemoldes, Liviano","Bulky Support, Pivot","Soporte Resistente, Pivot",Offense,Ofensiva,B,1,season_m1_reg_ma,standard
702,702,dedenne,,Dedenne,Dedenne,,,electric,fairy,67,58,57,81,67,101,431,"cheek_pouch, pickup, plus","Cheek Pouch, Pickup, Plus","Carrillo, Recogida, Más","Bulky Support, Pivot, Speed Control","Soporte Resistente, Pivot, Control de Velocidad",Offense,Ofensiva,D,1,season_m1_reg_ma,standard
706,706,goodra,,Goodra,Goodra,,,dragon,,90,100,70,110,150,80,600,"gooey, hydration, sap_sipper","Gooey, Hydration, Sap Sipper","Baba, Hidratación, Herbívoro","Bulky Support, Wallbreaker","Soporte Resistente, Muroperforador",Balance,Balance,B,1,season_m1_reg_ma,standard
707,707,klefki,,Klefki,Klefki,,,steel,fairy,57,80,91,80,87,75,470,"magician, prankster","Magician, Prankster","Prestidigitador, Bromista","Speed Control, Trick Room Setter","Control de Velocidad, Setter de Espacio Raro",Trick Room,Espacio Raro,B,1,season_m1_reg_ma,standard
709,709,trevenant,,Trevenant,Trevenant,,,ghost,grass,85,110,76,65,82,56,474,"frisk, harvest, natural_cure","Frisk, Harvest, Natural Cure","Cacheo, Cosecha, Cura Natural","Bulky Support, Speed Control, Trick Room Setter","Soporte Resistente, Control de Velocidad, Setter de Espacio Raro",Trick Room,Espacio Raro,D,1,season_m1_reg_ma,standard
711,711,gourgeist,,Gourgeist,Gourgeist,,,ghost,grass,65,90,122,58,75,84,494,"frisk, insomnia, pickup","Frisk, Insomnia, Pickup","Cacheo, Insomnio, Recogida","Bulky Support, Speed Control, Trick Room Setter","Soporte Resistente, Control de Velocidad, Setter de Espacio Raro",Trick Room,Espacio Raro,B,1,season_m1_reg_ma,standard
713,713,avalugg,,Avalugg,Avalugg,,,ice,,95,117,184,44,46,28,514,"ice_body, own_tempo, sturdy","Ice Body, Own Tempo, Sturdy","Gélido, Ritmo Propio, Robustez","Bulky Support, Speed Control","Soporte Resistente, Control de Velocidad",Trick Room,Espacio Raro,C,1,season_m1_reg_ma,standard
715,715,noivern,,Noivern,Noivern,,,flying,dragon,85,70,80,97,80,123,535,"frisk, infiltrator, telepathy","Frisk, Infiltrator, Telepathy","Cacheo, Allanamiento, Telepatía","Pivot, Speed Control","Pivot, Control de Velocidad",Tailwind,Viento Afn,B,1,season_m1_reg_ma,standard
724,724,decidueye,,Decidueye,Decidueye,,,grass,ghost,78,107,75,100,100,70,530,"long_reach, overgrow","Long Reach, Overgrow","Remoto, Espesura","Bulky Support, Pivot, Speed Control","Soporte Resistente, Pivot, Control de Velocidad",Tailwind,Viento Afn,C,1,season_m1_reg_ma,standard
727,727,incineroar,,Incineroar,Incineroar,,,fire,dark,95,115,90,80,90,60,530,"blaze, intimidate","Blaze, Intimidate","Mar Llamas, Intimidación","Bulky Support, Pivot","Soporte Resistente, Pivot","Hyper Offense, Rain, Sand, Trick Room","Hiperofensiva, Lluvia, Arena, Espacio Raro",S,1,season_m1_reg_ma,standard
730,730,primarina,,Primarina,Primarina,,,water,fairy,80,74,74,126,116,60,530,"liquid_voice, torrent","Liquid Voice, Torrent","Voz Fluida, Torrente","Bulky Support, Speed Control, Wallbreaker","Soporte Resistente, Control de Velocidad, Muroperforador",Balance,Balance,A,1,season_m1_reg_ma,standard
733,733,toucannon,,Toucannon,Toucannon,,,normal,flying,80,120,75,75,75,60,485,"keen_eye, sheer_force, skill_link","Keen Eye, Sheer Force, Skill Link","Vista Lince, Potencia Bruta, Encadenado","Bulky Support, Pivot, Speed Control, Wallbreaker","Soporte Resistente, Pivot, Control de Velocidad, Muroperforador",Tailwind,Viento Afn,C,1,season_m1_reg_ma,standard
740,740,crabominable,,Crabominable,Crabominable,,,fighting,ice,97,132,77,62,67,43,478,"anger_point, hyper_cutter, iron_fist","Anger Point, Hyper Cutter, Iron Fist","Irascible, Corte Fuerte, Puño Férreo","Bulky Support, Speed Control, Wallbreaker","Soporte Resistente, Control de Velocidad, Muroperforador",Trick Room,Espacio Raro,B,1,season_m1_reg_ma,standard
745,745,lycanroc,,Lycanroc,Lycanroc,,,rock,,75,115,65,55,65,112,487,"keen_eye, sand_rush, steadfast","Keen Eye, Sand Rush, Steadfast","Vista Lince, Ímpetu Arena, Impasible",Bulky Support,Soporte Resistente,Offense,Ofensiva,B,1,season_m1_reg_ma,standard
748,748,toxapex,,Toxapex,Toxapex,,,poison,water,50,63,152,53,142,35,495,"limber, merciless, regenerator","Limber, Merciless, Regenerator","Flexibilidad, Ensañamiento, Regeneración","Bulky Support, Pivot, Speed Control","Soporte Resistente, Pivot, Control de Velocidad",Trick Room,Espacio Raro,B,1,season_m1_reg_ma,standard
750,750,mudsdale,,Mudsdale,Mudsdale,,,ground,,100,125,100,55,85,35,500,"inner_focus, own_tempo, stamina","Inner Focus, Own Tempo, Stamina","Foco Interno, Ritmo Propio, Firmeza","Bulky Support, Wallbreaker","Soporte Resistente, Muroperforador",Trick Room,Espacio Raro,C,1,season_m1_reg_ma,standard
752,752,araquanid,,Araquanid,Araquanid,,,water,bug,68,70,92,50,132,42,454,"water_absorb, water_bubble","Water Absorb, Water Bubble","Absorbe Agua, Pompa","Bulky Support, Speed Control","Soporte Resistente, Control de Velocidad",Trick Room,Espacio Raro,B,1,season_m1_reg_ma,standard
758,758,salazzle,,Salazzle,Salazzle,,,poison,fire,68,64,60,111,60,117,480,"corrosion, oblivious","Corrosion, Oblivious","Corrosión, Despiste","Bulky Support, Pivot, Speed Control","Soporte Resistente, Pivot, Control de Velocidad",Offense,Ofensiva,D,1,season_m1_reg_ma,standard
763,763,tsareena,,Tsareena,Tsareena,,,grass,,72,120,98,50,98,72,510,"leaf_guard, queenly_majesty, sweet_veil","Leaf Guard, Queenly Majesty, Sweet Veil","Defensa Hoja, Regia Presencia, Velo Dulce","Bulky Support, Pivot, Wallbreaker","Soporte Resistente, Pivot, Muroperforador",Balance,Balance,A,1,season_m1_reg_ma,standard
765,765,oranguru,,Oranguru,Oranguru,,,normal,psychic,90,60,80,90,110,60,490,"inner_focus, symbiosis, telepathy","Inner Focus, Symbiosis, Telepathy","Foco Interno, Simbiosis, Telepatía","Bulky Support, Speed Control, Trick Room Setter","Soporte Resistente, Control de Velocidad, Setter de Espacio Raro",Trick Room,Espacio Raro,B,1,season_m1_reg_ma,standard
766,766,passimian,,Passimian,Passimian,,,fighting,,100,120,90,40,60,80,490,"defiant, receiver","Defiant, Receiver","Competitivo, Receptor","Pivot, Speed Control, Wallbreaker","Pivot, Control de Velocidad, Muroperforador",Balance,Balance,C,1,season_m1_reg_ma,standard
778,778,mimikyu,,Mimikyu,Mimikyu,,,ghost,fairy,55,90,80,50,105,96,476,disguise,Disguise,Disfraz,"Bulky Support, Speed Control, Trick Room Setter","Soporte Resistente, Control de Velocidad, Setter de Espacio Raro",Trick Room,Espacio Raro,B,1,season_m1_reg_ma,standard
780,780,drampa,,Drampa,Drampa,,,normal,dragon,78,60,85,135,91,36,485,"berserk, cloud_nine, sap_sipper","Berserk, Cloud Nine, Sap Sipper","Cólera, Aclimatación, Herbívoro","Bulky Support, Speed Control, Wallbreaker","Soporte Resistente, Control de Velocidad, Muroperforador",Trick Room,Espacio Raro,B,1,season_m1_reg_ma,standard
784,784,kommo-o,,Kommo-o,Kommo-o,,,dragon,fighting,75,110,125,100,105,85,600,"bulletproof, overcoat, soundproof","Bulletproof, Overcoat, Soundproof","Antibalas, Funda, Insonorizar","Bulky Support, Wallbreaker","Soporte Resistente, Muroperforador",Balance,Balance,B,1,season_m1_reg_ma,standard
823,823,corviknight,,Corviknight,Corviknight,,,flying,steel,98,87,105,53,85,67,495,"mirror_armor, pressure, unnerve","Mirror Armor, Pressure, Unnerve","Coraza Reflejo, Presión, Nerviosismo","Bulky Support, Pivot, Speed Control","Soporte Resistente, Pivot, Control de Velocidad","Sand, Tailwind","Arena, Viento Afn",A,1,season_m1_reg_ma,standard
841,841,flapple,,Flapple,Flapple,,,grass,dragon,70,110,80,95,60,70,485,"gluttony, hustle, ripen","Gluttony, Hustle, Ripen","Gula, Entusiasmo, Maduración",Pivot,Pivot,Balance,Balance,D,1,season_m1_reg_ma,standard
842,842,appletun,,Appletun,Appletun,,,grass,dragon,110,85,80,100,80,30,485,"gluttony, ripen, thick_fat","Gluttony, Ripen, Thick Fat","Gula, Maduración, Sebo",Bulky Support,Soporte Resistente,Trick Room,Espacio Raro,C,1,season_m1_reg_ma,standard
844,844,sandaconda,,Sandaconda,Sandaconda,,,ground,,72,107,125,65,70,71,510,"sand_spit, sand_veil, shed_skin","Sand Spit, Sand Veil, Shed Skin","Expulsarena, Velo Arena, Mudar",Bulky Support,Soporte Resistente,Balance,Balance,D,1,season_m1_reg_ma,standard
855,855,polteageist,,Polteageist,Polteageist,,,ghost,,60,65,65,134,114,70,508,"cursed_body, weak_armor","Cursed Body, Weak Armor","Cuerpo Maldito, Armadura Frágil","Bulky Support, Speed Control, Trick Room Setter, Wallbreaker","Soporte Resistente, Control de Velocidad, Setter de Espacio Raro, Muroperforador",Trick Room,Espacio Raro,C,1,season_m1_reg_ma,standard
858,858,hatterene,,Hatterene,Hatterene,,,psychic,fairy,57,90,95,136,103,29,510,"anticipation, healer, magic_bounce","Anticipation, Healer, Magic Bounce","Anticipación, Alma Cura, Espejo Mágico","Bulky Support, Speed Control, Trick Room Setter, Wallbreaker","Soporte Resistente, Control de Velocidad, Setter de Espacio Raro, Muroperforador",Trick Room,Espacio Raro,A,1,season_m1_reg_ma,standard
866,866,mr-rime,,Mr. Rime,Mr. Rime,,,ice,psychic,80,85,75,110,100,70,520,"ice_body, screen_cleaner, tangled_feet","Ice Body, Screen Cleaner, Tangled Feet","Gélido, Antibarrera, Tumbos","Bulky Support, Pivot, Speed Control, Trick Room Setter","Soporte Resistente, Pivot, Control de Velocidad, Setter de Espacio Raro",Trick Room,Espacio Raro,B,1,season_m1_reg_ma,standard
867,867,runerigus,,Runerigus,Runerigus,,,ground,ghost,58,95,145,50,105,30,483,wandering_spirit,Wandering Spirit,Alma Errante,"Bulky Support, Speed Control, Trick Room Setter","Soporte Resistente, Control de Velocidad, Setter de Espacio Raro",Trick Room,Espacio Raro,D,1,season_m1_reg_ma,standard
869,869,alcremie,,Alcremie,Alcremie,,,fairy,,65,60,75,110,121,64,495,"aroma_veil, sweet_veil","Aroma Veil, Sweet Veil","Velo Aroma, Velo Dulce",Bulky Support,Soporte Resistente,Balance,Balance,C,1,season_m1_reg_ma,standard
877,877,morpeko,,Morpeko,Morpeko,,,electric,dark,58,95,58,70,58,97,436,hunger_switch,Hunger Switch,Mutapetito,"Pivot, Speed Control","Pivot, Control de Velocidad",Offense,Ofensiva,B,1,season_m1_reg_ma,standard
887,887,dragapult,,Dragapult,Dragapult,,,dragon,ghost,88,120,75,100,75,142,600,"clear_body, cursed_body, infiltrator","Clear Body, Cursed Body, Infiltrator","Cuerpo Puro, Cuerpo Maldito, Allanamiento","Bulky Support, Pivot, Speed Control, Wallbreaker","Soporte Resistente, Pivot, Control de Velocidad, Muroperforador",Rain,Lluvia,B,1,season_m1_reg_ma,standard
899,899,wyrdeer,,Wyrdeer,Wyrdeer,,,normal,psychic,103,105,72,105,75,65,525,"frisk, intimidate, sap_sipper","Frisk, Intimidate, Sap Sipper","Cacheo, Intimidación, Herbívoro","Bulky Support, Pivot, Speed Control, Trick Room Setter","Soporte Resistente, Pivot, Control de Velocidad, Setter de Espacio Raro",Trick Room,Espacio Raro,C,1,season_m1_reg_ma,standard
900,900,kleavor,,Kleavor,Kleavor,,,bug,rock,70,135,95,45,70,85,500,"sharpness, sheer_force, swarm","Sharpness, Sheer Force, Swarm","Cortante, Potencia Bruta, Enjambre","Bulky Support, Pivot, Speed Control, Wallbreaker","Soporte Resistente, Pivot, Control de Velocidad, Muroperforador",Tailwind,Viento Afn,S,1,season_m1_reg_ma,standard
902,902,basculegion,basculegion-m,Basculegion,Basculegion,Basculegion-M,Basculegion-M,water,ghost,120,112,65,80,75,78,530,"adaptability, mold_breaker, swift_swim","Adaptability, Mold Breaker, Swift Swim","Adaptable, Rompemoldes, Nado Rápido","Bulky Support, Speed Control","Soporte Resistente, Control de Velocidad",Rain,Lluvia,A,1,season_m1_reg_ma,standard
903,903,sneasler,,Sneasler,Sneasler,,,fighting,poison,80,130,60,40,80,120,510,"poison_touch, pressure, unburden","Poison Touch, Pressure, Unburden","Toque Tóxico, Presión, Liviano","Pivot, Wallbreaker","Pivot, Muroperforador",Hyper Offense,Hiperofensiva,S,1,season_m1_reg_ma,standard
908,908,meowscarada,,Meowscarada,Meowscarada,,,grass,dark,76,110,70,81,70,123,530,"overgrow, protean","Overgrow, Protean","Espesura, Mutatipo","Bulky Support, Pivot, Speed Control, Trick Room Setter","Soporte Resistente, Pivot, Control de Velocidad, Setter de Espacio Raro",Trick Room,Espacio Raro,B,1,season_m1_reg_ma,standard
911,911,skeledirge,,Skeledirge,Skeledirge,,,fire,ghost,104,75,100,110,75,66,530,"blaze, unaware","Blaze, Unaware","Mar Llamas, Ignorante",Bulky Support,Soporte Resistente,Balance,Balance,B,1,season_m1_reg_ma,standard
914,914,quaquaval,,Quaquaval,Quaquaval,,,water,fighting,85,120,80,85,75,85,530,"moxie, torrent","Moxie, Torrent","Autoestima, Torrente","Bulky Support, Pivot, Speed Control, Wallbreaker","Soporte Resistente, Pivot, Control de Velocidad, Muroperforador",Balance,Balance,B,1,season_m1_reg_ma,standard
925,925,maushold,,Maushold,Maushold,,,normal,,74,75,70,65,75,111,470,"cheek_pouch, friend_guard, technician","Cheek Pouch, Friend Guard, Technician","Carrillo, Compiescolta, Experto","Bulky Support, Pivot, Speed Control","Soporte Resistente, Pivot, Control de Velocidad",Offense,Ofensiva,A,1,season_m1_reg_ma,standard
934,934,garganacl,,Garganacl,Garganacl,,,rock,,100,100,130,45,90,35,500,"clear_body, purifying_salt, sturdy","Clear Body, Purifying Salt, Sturdy","Cuerpo Puro, Sal Purificadora, Robustez",Bulky Support,Soporte Resistente,Trick Room,Espacio Raro,B,1,season_m1_reg_ma,standard
936,936,armarouge,,Armarouge,Armarouge,,,fire,psychic,85,60,100,125,80,75,525,"flash_fire, weak_armor","Flash Fire, Weak Armor","Absorbe Fuego, Armadura Frágil","Bulky Support, Speed Control, Trick Room Setter, Wallbreaker","Soporte Resistente, Control de Velocidad, Setter de Espacio Raro, Muroperforador",Trick Room,Espacio Raro,A,1,season_m1_reg_ma,standard
937,937,ceruledge,,Ceruledge,Ceruledge,,,fire,ghost,75,125,80,60,100,85,525,"flash_fire, weak_armor","Flash Fire, Weak Armor","Absorbe Fuego, Armadura Frágil","Bulky Support, Wallbreaker","Soporte Resistente, Muroperforador",Balance,Balance,B,1,season_m1_reg_ma,standard
939,939,bellibolt,,Bellibolt,Bellibolt,,,electric,,109,64,91,103,83,45,495,"damp, electromorphosis, static","Damp, Electromorphosis, Static","Humedad, Dinamo, Elec. Estática","Bulky Support, Pivot, Speed Control","Soporte Resistente, Pivot, Control de Velocidad",Trick Room,Espacio Raro,B,1,season_m1_reg_ma,standard
952,952,scovillain,,Scovillain,Scovillain,,,grass,fire,65,108,65,108,65,75,486,"chlorophyll, insomnia, moody","Chlorophyll, Insomnia, Moody","Clorofila, Insomnio, Veleta",Bulky Support,Soporte Resistente,Sun,Sol,A,1,season_m1_reg_ma,standard
956,956,espathra,,Espathra,Espathra,,,psychic,,95,60,60,101,60,105,481,"frisk, opportunist, speed_boost","Frisk, Opportunist, Speed Boost","Cacheo, Oportunista, Impulso","Bulky Support, Pivot, Speed Control, Trick Room Setter","Soporte Resistente, Pivot, Control de Velocidad, Setter de Espacio Raro",Trick Room,Espacio Raro,B,1,season_m1_reg_ma,standard
959,959,tinkaton,,Tinkaton,Tinkaton,,,fairy,steel,85,75,77,70,105,94,506,"mold_breaker, own_tempo, pickpocket","Mold Breaker, Own Tempo, Pickpocket","Rompemoldes, Ritmo Propio, Hurto","Bulky Support, Pivot, Speed Control","Soporte Resistente, Pivot, Control de Velocidad",Balance,Balance,B,1,season_m1_reg_ma,standard
964,964,palafin,,Palafin,Palafin,,,water,,100,70,72,53,62,100,457,zero_to_hero,Zero To Hero,Cambio Heroico,"Bulky Support, Speed Control","Soporte Resistente, Control de Velocidad",Offense,Ofensiva,A,1,season_m1_reg_ma,standard
968,968,orthworm,,Orthworm,Orthworm,,,steel,,70,85,145,60,55,65,480,"earth_eater, sand_veil","Earth Eater, Sand Veil","Geofagia, Velo Arena",Bulky Support,Soporte Resistente,Balance,Balance,B,1,season_m1_reg_ma,standard
970,970,glimmora,,Glimmora,Glimmora,,,rock,poison,83,55,90,130,81,86,525,"corrosion, toxic_debris","Corrosion, Toxic Debris","Corrosión, Capa Tóxica",Wallbreaker,Muroperforador,Sand,Arena,A,1,season_m1_reg_ma,standard
981,981,farigiraf,,Farigiraf,Farigiraf,,,normal,psychic,120,90,70,110,70,60,520,"armor_tail, cud_chew, sap_sipper","Armor Tail, Cud Chew, Sap Sipper","Cola Armadura, Rumia, Herbívoro","Bulky Support, Speed Control, Trick Room Setter","Soporte Resistente, Control de Velocidad, Setter de Espacio Raro","Sun, Trick Room","Sol, Espacio Raro",A,1,season_m1_reg_ma,standard
983,983,kingambit,,Kingambit,Kingambit,,,dark,steel,100,135,120,60,85,50,550,"defiant, pressure, supreme_overlord","Defiant, Pressure, Supreme Overlord","Competitivo, Presión, General Supremo","Bulky Support, Speed Control, Wallbreaker","Soporte Resistente, Control de Velocidad, Muroperforador",Trick Room,Espacio Raro,S,1,season_m1_reg_ma,standard
1013,1013,sinistcha,,Sinistcha,Sinistcha,,,grass,ghost,71,60,106,121,80,70,508,"heatproof, hospitality","Heatproof, Hospitality","Ignífugo, Hospitalidad","Bulky Support, Speed Control, Trick Room Setter, Wallbreaker","Soporte Resistente, Control de Velocidad, Setter de Espacio Raro, Muroperforador","Sand, Trick Room","Arena, Espacio Raro",S,1,season_m1_reg_ma,standard
1018,1018,archaludon,,Archaludon,Archaludon,,,steel,dragon,90,105,130,125,65,85,600,"stalwart, stamina, sturdy","Stalwart, Stamina, Sturdy","Acérrimo, Firmeza, Robustez","Bulky Support, Speed Control, Wallbreaker","Soporte Resistente, Control de Velocidad, Muroperforador",Rain,Lluvia,S,1,season_m1_reg_ma,standard
1019,1019,hydrapple,,Hydrapple,Hydrapple,,,grass,dragon,106,80,110,120,80,44,540,"regenerator, sticky_hold, supersweet_syrup","Regenerator, Sticky Hold, Supersweet Syrup","Regeneración, Viscosidad, Néctar Dulce","Bulky Support, Pivot, Wallbreaker","Soporte Resistente, Pivot, Muroperforador",Trick Room,Espacio Raro,D,1,season_m1_reg_ma,standard
10008,479,rotom,heat-rotom,Rotom,Rotom,Heat Rotom,Heat Rotom,electric,fire,50,65,107,105,107,86,520,levitate,Levitate,Levitación,"Bulky Support, Pivot, Speed Control","Soporte Resistente, Pivot, Control de Velocidad",Balance,Balance,B,1,season_m1_reg_ma,standard
10009,479,rotom,wash-rotom,Rotom,Rotom,Wash Rotom,Wash Rotom,electric,water,50,65,107,105,107,86,520,levitate,Levitate,Levitación,"Bulky Support, Pivot, Speed Control","Soporte Resistente, Pivot, Control de Velocidad",Hyper Offense,Hiperofensiva,S,1,season_m1_reg_ma,standard
10010,479,rotom,frost-rotom,Rotom,Rotom,Frost Rotom,Frost Rotom,electric,ice,50,65,107,105,107,86,520,levitate,Levitate,Levitación,"Bulky Support, Pivot, Speed Control","Soporte Resistente, Pivot, Control de Velocidad",Balance,Balance,B,1,season_m1_reg_ma,standard
10011,479,rotom,fan-rotom,Rotom,Rotom,Fan Rotom,Fan Rotom,electric,flying,50,65,107,105,107,86,520,levitate,Levitate,Levitación,"Bulky Support, Pivot, Speed Control","Soporte Resistente, Pivot, Control de Velocidad",Balance,Balance,B,1,season_m1_reg_ma,standard
10012,479,rotom,mow-rotom,Rotom,Rotom,Mow Rotom,Mow Rotom,electric,grass,50,65,107,105,107,86,520,levitate,Levitate,Levitación,"Bulky Support, Pivot, Speed Control","Soporte Resistente, Pivot, Control de Velocidad",Balance,Balance,A,1,season_m1_reg_ma,standard
10100,26,raichu,alolan-raichu,Raichu,Raichu,Alolan Raichu,Alolan Raichu,electric,psychic,60,85,50,95,85,110,485,surge_surfer,Surge Surfer,Cola Surf,"Bulky Support, Pivot, Speed Control","Soporte Resistente, Pivot, Control de Velocidad",Offense,Ofensiva,B,1,season_m1_reg_ma,standard
10104,38,ninetales,alolan-ninetales,Ninetales,Ninetales,Alolan Ninetales,Alolan Ninetales,ice,fairy,73,67,75,81,100,109,505,"snow_cloak, snow_warning","Snow Cloak, Snow Warning","Manto Níveo, Nevada","Bulky Support, Speed Control","Soporte Resistente, Control de Velocidad",Offense,Ofensiva,B,1,season_m1_reg_ma,standard
10165,80,slowbro,galarian-slowbro,Slowbro,Slowbro,Galarian Slowbro,Galarian Slowbro,poison,psychic,95,100,95,100,70,30,490,"own_tempo, quick_draw, regenerator","Own Tempo, Quick Draw, Regenerator","Ritmo Propio, Mano Rápida, Regeneración","Bulky Support, Pivot, Speed Control, Trick Room Setter","Soporte Resistente, Pivot, Control de Velocidad, Setter de Espacio Raro",Trick Room,Espacio Raro,B,1,season_m1_reg_ma,standard
10172,199,slowking,galarian-slowking,Slowking,Slowking,Galarian Slowking,Galarian Slowking,poison,psychic,95,65,80,110,110,30,490,"curious_medicine, own_tempo, regenerator","Curious Medicine, Own Tempo, Regenerator","Medicina Extraña, Ritmo Propio, Regeneración","Bulky Support, Pivot, Speed Control, Trick Room Setter","Soporte Resistente, Pivot, Control de Velocidad, Setter de Espacio Raro",Trick Room,Espacio Raro,B,1,season_m1_reg_ma,standard
10180,618,stunfisk,galarian-stunfisk,Stunfisk,Stunfisk,Galarian Stunfisk,Galarian Stunfisk,ground,steel,109,81,99,66,84,32,471,mimicry,Mimicry,Mimetismo,"Bulky Support, Speed Control","Soporte Resistente, Control de Velocidad",Trick Room,Espacio Raro,C,1,season_m1_reg_ma,standard
10230,59,arcanine,hisuian-arcanine,Arcanine,Arcanine,Hisuian Arcanine,Hisuian Arcanine,fire,rock,95,115,80,95,80,90,555,"flash_fire, intimidate, rock_head","Flash Fire, Intimidate, Rock Head","Absorbe Fuego, Intimidación, Cabeza Roca","Bulky Support, Pivot","Soporte Resistente, Pivot",Balance,Balance,B,1,season_m1_reg_ma,standard
10233,157,typhlosion,hisuian-typhlosion,Typhlosion,Typhlosion,Hisuian Typhlosion,Hisuian Typhlosion,fire,ghost,73,84,78,119,85,95,534,"blaze, frisk","Blaze, Frisk","Mar Llamas, Cacheo",Bulky Support,Soporte Resistente,Offense,Ofensiva,B,1,season_m1_reg_ma,standard
10236,503,samurott,hisuian-samurott,Samurott,Samurott,Hisuian Samurott,Hisuian Samurott,water,dark,90,108,80,100,65,85,528,"sharpness, shell_armor","Sharpness, Shell Armor","Cortante, Caparazón","Bulky Support, Speed Control","Soporte Resistente, Control de Velocidad",Balance,Balance,B,1,season_m1_reg_ma,standard
10239,571,zoroark,hisuian-zoroark,Zoroark,Zoroark,Hisuian Zoroark,Hisuian Zoroark,normal,ghost,55,100,60,125,60,110,510,illusion,Illusion,Ilusión,"Bulky Support, Pivot, Speed Control, Wallbreaker","Soporte Resistente, Pivot, Control de Velocidad, Muroperforador",Offense,Ofensiva,B,1,season_m1_reg_ma,standard
10242,706,goodra,hisuian-goodra,Goodra,Goodra,Hisuian Goodra,Hisuian Goodra,steel,dragon,80,100,100,110,150,60,600,"gooey, sap_sipper, shell_armor","Gooey, Sap Sipper, Shell Armor","Baba, Herbívoro, Caparazón","Bulky Support, Wallbreaker","Soporte Resistente, Muroperforador",Balance,Balance,A,1,season_m1_reg_ma,standard
10244,724,decidueye,hisuian-decidueye,Decidueye,Decidueye,Hisuian Decidueye,Hisuian Decidueye,grass,fighting,88,112,80,95,95,60,530,"long_reach, scrappy","Long Reach, Scrappy","Remoto, Intrépido","Bulky Support, Pivot, Speed Control","Soporte Resistente, Pivot, Control de Velocidad",Tailwind,Viento Afn,C,1,season_m1_reg_ma,standard
10245,713,avalugg,hisuian-avalugg,Avalugg,Avalugg,Hisuian Avalugg,Hisuian Avalugg,ice,rock,95,127,184,34,36,38,514,"ice_body, strong_jaw, sturdy","Ice Body, Strong Jaw, Sturdy","Gélido, Mandíbula Fuerte, Robustez","Bulky Support, Speed Control, Wallbreaker","Soporte Resistente, Control de Velocidad, Muroperforador",Trick Room,Espacio Raro,D,1,season_m1_reg_ma,standard
10250,128,tauros,paldean-tauros,Tauros,Tauros,Paldean Tauros,Paldean Tauros,fighting,,75,110,105,30,70,100,490,"anger_point, cud_chew, intimidate","Anger Point, Cud Chew, Intimidate","Irascible, Rumia, Intimidación",Pivot,Pivot,Offense,Ofensiva,B,1,season_m1_reg_ma,standard
10251,128,tauros,paldean-tauros-blaze,Tauros,Tauros,Paldean Tauros (Blaze),Paldean Tauros (Blaze),fighting,fire,75,110,105,30,70,100,490,"anger_point, cud_chew, intimidate","Anger Point, Cud Chew, Intimidate","Irascible, Rumia, Intimidación","Bulky Support, Pivot","Soporte Resistente, Pivot",Offense,Ofensiva,B,1,season_m1_reg_ma,standard
10252,128,tauros,paldean-tauros-aqua,Tauros,Tauros,Paldean Tauros (Aqua),Paldean Tauros (Aqua),fighting,water,75,110,105,30,70,100,490,"anger_point, cud_chew, intimidate","Anger Point, Cud Chew, Intimidate","Irascible, Rumia, Intimidación",Pivot,Pivot,Offense,Ofensiva,B,1,season_m1_reg_ma,standard
10678,678,meowstic,meowstic-f,Meowstic,Meowstic,Meowstic-F,Meowstic-F,psychic,,74,48,76,83,81,104,466,"competitive, infiltrator, keen_eye","Competitive, Infiltrator, Keen Eye","Tenacidad, Allanamiento, Vista Lince","Bulky Support, Pivot, Speed Control, Trick Room Setter","Soporte Resistente, Pivot, Control de Velocidad, Setter de Espacio Raro",Trick Room,Espacio Raro,B,1,season_m1_reg_ma,standard
10902,902,basculegion,basculegion-f,Basculegion,Basculegion,Basculegion-F,Basculegion-F,water,ghost,120,92,65,100,75,78,530,"adaptability, mold_breaker, swift_swim","Adaptability, Mold Breaker, Swift Swim","Adaptable, Rompemoldes, Nado Rápido","Bulky Support, Speed Control","Soporte Resistente, Control de Velocidad",Balance,Balance,B,1,season_m1_reg_ma,standard
